id;name;description;latitude;longitude;date;point_order;city_id;city;province_id;province;country_id;country
52;Frankfurt;Llegada!;5.011.092.210;868.212.670;25/03/2013 0:00;52;3;Frankfurt;3;Hesse;1;Germany
297;Frankfurt (Main) Hbf;Tren al hostel igual q plaza miserere;5.010.714.500;866.378.900;25/03/2013 0:00;303;3;Frankfurt;3;Hesse;1;Germany
298;Frankfurt hostel;Hostel, no sabiamos y parece que incluia la cena! asique nos ahorramos una comida. Mañana Belin esperemos que este copado el hostel.;5.010.769.878;866.565.943;25/03/2013 0:00;304;3;Frankfurt;3;Hesse;1;Germany
299;Oberbayern;Un barcito que nos recomendo un mexicano en el hostel. A 20 cuadras del hostel, bastante fresco para caminar de noche... ;5.010.557.942;869.046.450;25/03/2013 0:00;305;3;Frankfurt;3;Hesse;1;Germany
53;Berlin;;5.251.917.100;1.340.609.120;26/03/2013 0:00;53;1;Berlin;1;Berlin;1;Germany
300;Berlin Hbf;Recien llegado a berlin. Todavia hay nieve en las calles y en los prox dias la temperatura mas akta 0 grados;5.252.559.200;1.336.954.500;26/03/2013 0:00;306;1;Berlin;1;Berlin;1;Germany
301;Heart of gold hostel;;5.252.436.817;1.339.164.734;26/03/2013 0:00;307;1;Berlin;1;Berlin;1;Germany
302;Reichstag;Parlamento aleman. No pudimos entrar porque hay que reservar pero mañana vamos temprano. En la cupula de vidrio hay una vista panoramica que dicen que es muy linda. Como se ve esta todo nevado! Hoy hizo -1 grados y en los proximos dias dicen que 0...;5.251.862.340;1.337.619.780;26/03/2013 0:00;308;1;Berlin;1;Berlin;1;Germany
303;Plaza de la republica;Como todo berlin cubierto de nieve! los parques tiene mas de 10 cm de nieve que no se descongelo todavia;5.251.848.090;1.337.508.060;26/03/2013 0:00;309;1;Berlin;1;Berlin;1;Germany
304;Siegessauge - Coluna del a victoria;Conmemora la victoria de Prusia y el imperio austriaco contra dinamarca. Estaba en frente del Reichtag pero la movieron los nazis a donde esta ahora,;5.251.454.340;1.335.011.890;26/03/2013 0:00;310;1;Berlin;1;Berlin;1;Germany
305;Brandenburg Gate;Conmemora la libertad y democracia.;5.251.622.090;1.337.782.860;26/03/2013 0:00;311;1;Berlin;1;Berlin;1;Germany
306;Holocaust Memorial;Un monumento para la memoria del holocausto. 2711 bloques de concreto en forma de cuadrilla, todos de tamaños diferentes (desde algunos al raz del piso afuera a algunos de 4 metros en el medio) con pasillos entre los bloques que van variando de forma sinuosa la altura. ;5.251.415.686;1.337.888.287;27/03/2013 0:00;312;1;Berlin;1;Berlin;1;Germany
307;Führerbunker;El lugar donde estubo el bunker de Hitler. Ahora es un estacionamiento y lo que fue el bunker esta practicamente desmantelado aunque sigue la estructura bajo tierra;5.251.285.100;1.338.334.607;27/03/2013 0:00;313;1;Berlin;1;Berlin;1;Germany
308;Checkpoint Charlie;El punto mas importante de cruce del muro de berlin entre berlin del este y oeste. Ese cruce era con uno de los barrios del territorio de estados unidos.;5.250.743.610;1.339.054.380;27/03/2013 0:00;314;1;Berlin;1;Berlin;1;Germany
309;Gendarmenmarkt;Plaza de la epoca de los prusianos. Originalmente se encontraba la gendarmeria que protejia el barrio frances y un mercado. Cuando todavia el imperio era joven y necesitaban que crezca el numero de habitates el rey le dio el espacio a los franceses que llegaban a prusia el espacio para hacer una iglesia efatizando la libre eleccion de religion. En la misma plaza se construyo  mas tarde una iglesia protestante y luego en el medio de ambas un teatro para que empujar la cultura y las artes como asi tabien el intercambio e integracion de las culturas. Mas tarde se construyeron las catedrales gemelas al lado de cada iglesia con su correspndiente religion. Durante la segunda guerra mundial fue destruido todo lo de la plaza pero despues lo reconstruyeron.;5.251.361.110;1.339.277.780;27/03/2013 0:00;315;1;Berlin;1;Berlin;1;Germany
310;Bebelplatz;Plaza frente a la universidad de Humboldt. A un costado estaba la biblioteca donde los nazis sacaron los libros y en la plaza hicieron la gran quema. Al otro lado esta una de las operas de berlin y a 50 metros esta la catedral catolica de berlin.;5.251.656.683;1.339.384.475;27/03/2013 0:00;316;1;Berlin;1;Berlin;1;Germany
311;Monumeno a las victimas de las guerras y de la tirania;Dentro esta la escultura de la madre con el hijo muerto. Esta en el centro del monumento y sobre ella no hay techo por lo que esta debajo de lluvias, sol y nevadas. Recuerda a todos las victimas de las guerras y la tirania sin importar religion ni grupo etnico.;5.251.787.911;1.339.549.699;27/03/2013 0:00;317;1;Berlin;1;Berlin;1;Germany
312;Isla de los museos;En esta isla estan los museos mas importantes de berlin y la catedral protestante.;5.251.839.930;1.339.947.890;27/03/2013 0:00;318;1;Berlin;1;Berlin;1;Germany
313;Muro de berlin;Restos del muro de berlin con su zona de exclusion (zona de la muerte) junto al rio spree;5.250.458.484;1.344.044.209;27/03/2013 0:00;319;1;Berlin;1;Berlin;1;Germany
315;Cupula del Reichstag;Hoy (previa reserva hecha ayer) pudimos subir a la cupula del parlamento.;5.251.862.340;1.337.619.780;28/03/2013 0:00;320;1;Berlin;1;Berlin;1;Germany
314;Centro de concentracion sachsenhausen;Centro de concentracion nazi usado entre el 36 y 45. Luego de la caida nazi fue usado por los rusos luego de la ocupacion.;5.276.678.687;1.326.333.046;28/03/2013 0:00;321;95;Oranienburg;54;Brandenburg;1;Germany
316;Museo del Pérgamo;Tiene el altar del pergamo, una reproducción del portal de Ishtar, la entrada del mercado de mileto y un piso de arte islámico;5.252.161.770;1.339.591.300;29/03/2013 0:00;322;1;Berlin;1;Berlin;1;Germany
318;Altes Museum;Museo con una colección se antigüedades clásicas de arte y numismatica etrusca, romana y griega.;5.251.949.610;1.339.880.430;29/03/2013 0:00;324;1;Berlin;1;Berlin;1;Germany
319;Topography of Terror;Exhibición de imágenes y documentos nazis.;5.250.678.500;1.338.362.160;29/03/2013 0:00;325;1;Berlin;1;Berlin;1;Germany
320;Shopping KaDeWe;Supusimos que iba a estar abierto, pero los feriados (o por lo menos viernes santo cierra TODO).;5.250.405.740;1.333.612.030;29/03/2013 0:00;326;1;Berlin;1;Berlin;1;Germany
55;Amsterdam Central;Llegamos a Amsterdam;5.237.916.211;490.037.441;30/03/2013 0:00;55;5;Amsterdam;5;North Holland;2;The Netherlands
326;Bloemenmarkt;Mercado de flores de amsterdam. Venden vulvos de todo tipo de tulipanes. Aprovechamos que habia unos locales que venden quesos que tenian degustacion y dimos un par de pasadas a cada uno para el almuerzo.;5.236.679.541;489.228.487;30/03/2013 0:00;332;5;Amsterdam;5;North Holland;2;The Netherlands
327;Museo Heineken Experience;La verdad no vale la pena pero te dan dos fichas para dos cervezas. Lo bueno es que encontramos MUCHAS fichas en el suelo!;5.235.785.200;489.158.500;30/03/2013 0:00;333;5;Amsterdam;5;North Holland;2;The Netherlands
335;Hostel Orfeo;Lo mejorcito y mas barato que conseguimos a último momento;5.236.373.596;488.527.894;30/03/2013 0:00;341;5;Amsterdam;5;North Holland;2;The Netherlands
328;Dam Square + City tour;Plaza frente al palacio real. Y de ahí un city tour.;5.237.304.420;489.324.500;31/03/2013 0:00;334;5;Amsterdam;5;North Holland;2;The Netherlands
329;Beursplein;;5.237.419.970;489.548.620;31/03/2013 0:00;335;5;Amsterdam;5;North Holland;2;The Netherlands
330;Waag;Este edificio pesaba la carga de los barcos al pasar por amsterdam para cobrarles un peaje. Cuando se mudo el puerto la ocuparon loa representantes de los sindocatos. Tambien se cumplian las condenas a pena de muerte en la plaza alrededor del edificio.;5.237.275.410;490.043.430;31/03/2013 0:00;336;5;Amsterdam;5;North Holland;2;The Netherlands
331;Anne Frank House;Museo de la casa de Anne Frank. La familia Frank llego a holanda escapando de los nazis y se escondio detras de las bodegas de la fabrica de Otto Frank (el papa de Anne) por dos años cuando los nazis llegaron a holanda. No se sabe quien los denuncio y los alemanes los deportaron a auswitz donde murieron todos menos Otto de tifus. Al salir, una de las personas que trabajaba en su empresa le dio Otto y despues de un tiempo lo lee y al ver lo que habia escrito su hija y saber que su sueño era poder llegar a hacer una novela relatando lo que habian vivido logra a editar el libro del diario de Anne Frank.;5.237.517.280;488.393.740;01/04/2013 0:00;337;5;Amsterdam;5;North Holland;2;The Netherlands
332;El molino - De Gooyer;El unico molino en la ciudad y accesible por turistas (o eso lei...) Esta en la otra punta de amsterdam, lejos del centro, pasando el zoo. Esta zona casi no hay turistas, muy recidencial y tranquila, digamos que otro amsterdam.  Abajo hay una cerveceria artesanal MUY buena.;5.236.675.030;492.636.530;01/04/2013 0:00;338;5;Amsterdam;5;North Holland;2;The Netherlands
333;Rembrandtplein;Plaza con un monumento a Rembrandt;5.236.625.900;489.628.000;01/04/2013 0:00;339;5;Amsterdam;5;North Holland;2;The Netherlands
336;Royal Palace of Amsterdam;Visita al palacio real, es increible el lujo ahi dentro. Paredes, pisos y techos de marol con detalles de bronce y oro. Arañas de oro y cristal. Muebles imperiales de la era de napoleon (cuando goberno holanda).;5.237.332.630;489.154.460;02/04/2013 0:00;342;5;Amsterdam;5;North Holland;2;The Netherlands
337;Hortus Botanicus;Jardin botanico, lo vimos de afuera porque habia que pagar entrada y dado el clima no valia la pena ver plantas sin flores ni hojas...;5.236.700.550;490.789.740;02/04/2013 0:00;343;5;Amsterdam;5;North Holland;2;The Netherlands
339;Magere Brug;Puente angosto, es un puetecito de madera que se levanta para dejar pasar los barcos que pasan;5.236.358.550;490.239.600;02/04/2013 0:00;344;5;Amsterdam;5;North Holland;2;The Netherlands
338;Vondelpark;Bicicleteada por el parque. Enorme y muy lindo con varios lagos y barcitos.;5.235.852.830;486.993.800;02/04/2013 0:00;345;5;Amsterdam;5;North Holland;2;The Netherlands
340;Molino Houtzaagmolen de Otter;Molino del 'asserradero de la nutria';5.237.610.678;487.080.038;02/04/2013 0:00;346;5;Amsterdam;5;North Holland;2;The Netherlands
341;Molino de Bloem;Molino con el que se fabricaba harina y aunque todavia funciona ahora solament aloja las oficinas de una empresa.;5.238.482.029;486.003.399;02/04/2013 0:00;347;5;Amsterdam;5;North Holland;2;The Netherlands
342;Centrale Markthallen;El mercado central de amsterdam;5.237.939.870;486.468.200;02/04/2013 0:00;348;5;Amsterdam;5;North Holland;2;The Netherlands
343;Molen de Gooyer Amsterdam;Y a la vuelta pasamos de nuevo por el molino a merendar unas birritas.;5.236.675.030;492.636.530;02/04/2013 0:00;349;5;Amsterdam;5;North Holland;2;The Netherlands
344;Hostel Stayokay;;5.084.360.998;569.767.714;03/04/2013 0:00;350;99;Maastricht;57;Limburg;2;The Netherlands
345;Tour en bici - mapa en mano;Alquilamos unas bicis en el hostel y recorrimos todo el centro en una tarde. Muy linda ciudad.;5.084.516.811;569.411.516;03/04/2013 0:00;351;99;Maastricht;57;Limburg;2;The Netherlands
346;Saint John's Church;Subimos a la torre del campanario donde hay una vista de toda la ciudad.;5.084.834.540;568.758.540;03/04/2013 0:00;352;99;Maastricht;57;Limburg;2;The Netherlands
347;City tour por brujas;Caminando recorrimos todo brujas en una tarde con mapa en mano.;5.121.083.650;322.486.920;04/04/2013 0:00;353;8;Brugge;8;Vlaams Gewest;3;Belgium
348;Belfort;Subimos a la torre del campanario de la plaza principal con una vista panorámica de brujas.;5.120.820.750;322.488.430;04/04/2013 0:00;354;8;Brugge;8;Vlaams Gewest;3;Belgium
349;Kruis Gate;Una de las 'puertas' de la muralla que cercaba brujas.;5.121.255.590;324.007.420;04/04/2013 0:00;355;8;Brugge;8;Vlaams Gewest;3;Belgium
350;Molinos de brujas;;5.121.382.613;323.908.715;04/04/2013 0:00;356;8;Brugge;8;Vlaams Gewest;3;Belgium
367;Bar De Kerlk;Un bar que solo sirve birras. Mas de 200 tipos distintos. Muy buen lugar para probar algunas locas como de cereza, coco o vino. A la noche siempre mucha gente local.;5.121.131.587;323.643.412;04/04/2013 0:00;373;8;Brugge;8;Vlaams Gewest;3;Belgium
369;La plaza serrano de brujas;Llegamos por casualidad, a la vuelta de la plaza principal pero MUY escondido. Hay 3 o 4 barcitos pero a la noche se llena de gente. Se ponen con musica y esta bastante bueno para ir. De paso, pasear por la ciudad de noche que, para mi, es mas linda que de dia.;5.120.948.625;322.365.317;04/04/2013 0:00;375;8;Brugge;8;Vlaams Gewest;3;Belgium
351;Castillo Gravensteen;Visitamos un castillo del siglo XII.;5.105.706.980;372.075.600;05/04/2013 0:00;357;82;Gent;8;Vlaams Gewest;3;Belgium
352;City tour;Recorrimos el centro de Gent en una tarde mapa en mano. Recorrimos las 4 iglesias que estan en el centro... INMENSAS!;5.105.346.800;373.038.000;05/04/2013 0:00;358;82;Gent;8;Vlaams Gewest;3;Belgium
358;Grand Place;Es el city hall de bruselas. Esta en frente a la plaza principal donde tambien se encuentra el museo de la ciudad. Es muy lindo de ver de noche porque todos los edificios se iluminan de colores que van cambiando.;5.084.649.560;435.275.650;06/04/2013 0:00;364;10;Brussels;10;Brussels;3;Belgium
359;Manneken Pis;El nene haciendo pis. Una esquina, una fuente, una estatua de un nene meando. No tiene nada especial pero igualmente no podia perderme sacarle una foto a la fuente, y xq no descargar y relajarse un poco...;5.084.499.330;434.997.780;06/04/2013 0:00;365;100;Brussels;10;Brussels;3;Belgium
360;Place de l'Albertine;Esta plaza es increible. Es enorme y con escaleras enormes. Mirando para el norte hay una vista increible del a ciudad y para el sur se esta a cuadras del palacio real y los museos.;5.084.441.400;435.538.340;06/04/2013 0:00;366;10;Brussels;10;Brussels;3;Belgium
361;Musical Instrument Museum;Museo de instrumentos musicales. Tienen instrumentos de todo tipo desde un theremin hasta instrumentos aborigenes. ;5.084.273.830;435.921.340;06/04/2013 0:00;367;10;Brussels;10;Brussels;3;Belgium
362;Zombie parade;Al salir del museo de la musica nos encontramos con una comioneta poniendo musica disfrazada con ataudes y atras mucha gentes disfrazada de zombie bailando y 'atacando' a los espectadores. No sabiamos si sacar fotos o salir corriendo por si se habia desatado la infeccion masiva jaja;5.084.273.830;435.921.340;06/04/2013 0:00;368;10;Brussels;10;Brussels;3;Belgium
363;Bourse;El edificio de la bolsa de bruselas. Se junta siempre mucha gente en la escalinata de entrada del edificio.;5.084.806.800;434.942.700;06/04/2013 0:00;369;10;Brussels;10;Brussels;3;Belgium
364;Justitiepaleis;;5.083.682.080;435.233.260;06/04/2013 0:00;370;10;Brussels;10;Brussels;3;Belgium
365;Place du Petit Sablon;;5.083.954.810;435.662.010;06/04/2013 0:00;371;10;Brussels;10;Brussels;3;Belgium
366;Royal Palace, Brussels;;5.084.194.310;436.226.850;06/04/2013 0:00;372;10;Brussels;10;Brussels;3;Belgium
353;Basilique du Sacre-Coeur;Visitamos la basilica de Sacre Coeur, subimos al domo de la iglesia y bajamos a la cripta. La iglesa esta en la colina de Montmartre y tiene desde la base una vista impresionante de paris, una vez arriba es increible porque se ve TODO!;4.888.662.930;234.292.850;07/04/2013 0:00;359;11;Paris;11;Île-de-France;5;France
354;Louvre Palace;Pasamos por el louvre con el city tour. Pasado de mañana vamos a visitarlo.;4.886.111.110;233.638.890;08/04/2013 0:00;111;11;Paris;11;Île-de-France;5;France
110;Eiffel Tower;Visitamos la torre eiffel. Desde abajo es increible el tamaño que tiene y a medida que se va subiendo es increible los que es la construccion. Subimos las 2 primeras partes por escalera (670 escalones). En la primer parte hay un mirador y un restaurante, en la seguda otro mirador y el ascensor para subir a la puta. En la punta hay otro mirador (281 metros de altura) y se ve absolutamente todo. Es loco la prolijidad de los edificios ya que casi todo paris fue demolido y reedificado en la epoca de napoleon 3º (la epoca del segundo imperio) y todo se hizo siguiendo la misma linea.;4.885.827.800;229.425.400;08/04/2013 0:00;360;11;Paris;11;Île-de-France;5;France
355;Notre Dame Cathedral;Arrancamos el dia pensando en ir a Versailles pero nos depertamos con lluvia, cambio de planes, fuimos a Nore Dame. Primero recorrimos la iglesia, bastante linda pero me gusta mas la de Lujan! Despues subimos al campanario para ver la vista desde ahi. Despues de subir al Sacre Coeur y la Torre Eiffel no es nada del otro mundo pero igualmente muy lindo. ;4.885.296.820;234.990.210;09/04/2013 0:00;361;11;Paris;11;Île-de-France;5;France
356;Sainte Chapelle;Tambien fuimos a la Sainte Chapelle. Esta en el palacio de justicia, originalmente fue el palacio real y un rey mando a construir la capilla para guardar un trozo de la cruz y la corona de cristo. Tiempo despues esto se perdio en un incendio. Son increibles los vitraux que tiene en 3 de sus paredes casi completas. En la otra pared tiene una roseta de vitraux enorme. En todos cuenta libros de la biblia.;4.885.542.000;234.498.700;09/04/2013 0:00;362;11;Paris;11;Île-de-France;5;France
357;Musée d'Orsay;Y despues visitamos el museo Orsay  de arte moderno. Entre todo lo que estaba expuesto habia unas pinturas de Van Gogh (estaba entre otras el autorretrato y noche estrellada). Lo malo es que llegamos medio tarde y no pudimos visitarlo entero.;4.885.996.140;232.656.140;09/04/2013 0:00;363;11;Paris;11;Île-de-France;5;France
370;Louvre Palace;Volvimos al museo con la idea de visitarlo. Llegamos temprano y despues de hacer un rato de cola (x una entrada que en lugar de hacer 2 horas de cola se supone que entras en 10 min xq nadie conoce) sale un tipo y nos dice que el museo no va a abrir hasta las 14 (segun un tano de la cola habia cambiado hoy el director del museo pero no le entendimos bien). Aprovechamos para visitar el museo militar y volvimos mas tarde para enterarnos de que estan de huelga y no iba a abrir en todo el dia!;4.886.111.110;233.638.890;10/04/2013 0:00;376;11;Paris;11;Île-de-France;5;France
371;Musée de l'Armée;Al no poder entrar al Louvre fuimos al museo de la armada. Dimos una vuelta por la exposicion de las dos guerras (1º y 2º guerra mundial) y era principalmente de uniformes. Despues visitamos la tumba de napoleon. En ese monumento esta la tumba de napoleon 1º y 2º.;4.885.709.660;231.260.630;10/04/2013 0:00;377;11;Paris;11;Île-de-France;5;France
372;Arc de Triomphe;Despues pasamos por el arco del triunfo. No parecia tan grande pero es enorme. Subimos a la 'terraza' y hay una linda vista de todo paris.;4.887.383.110;229.502.720;10/04/2013 0:00;378;11;Paris;11;Île-de-France;5;France
373;Opéra;Pasamos por la puerta de la Opera de Paris. Comparado con el resto de la arquitectura de paris esta muy ornamentado. Como casi todo, aprovechan la temporada baja para realizar mantenimiento asi que la entrada principal estaba tapada por andamios.;4.887.064.300;233.235.500;10/04/2013 0:00;379;11;Paris;11;Île-de-France;5;France
374;Versailles;Visitamos el palacio de versalles, sus jardines, el gran trianon, el pequeño trianon y las casas estilo ingles que  mando a construir Maria Antonieta;4.880.140.800;213.012.200;11/04/2013 0:00;380;101;Versailles;11;Île-de-France;5;France
375;Eiffel Tower de noche;Llegamos casi las 23 horas y sacamos unas fotos. A las 23 vimos el 'show' de flashes de la torre, no se si se hace a cada hora, que es impresionante1;4.885.822.220;229.450.000;11/04/2013 0:00;381;11;Paris;11;Île-de-France;5;France
376;Louvre;La tercera es la vencida! Esta vez pudimos entrar y recorrerlo. La monna lisa no me parecio tan impactante como dicen, habia otras pinturas que me parecieron mejores. Cuando salimos del museo increiblemente habia salido el sol (primera vez desde que estamos en Paris. Un rato espues se largo a lloviznar. Mas tarde cuando llegamos al hostel se largo a granizar y despues sol de nuevo! Clima raro el de Paris en esta parte del año.;4.886.111.110;233.638.890;12/04/2013 0:00;382;11;Paris;11;Île-de-France;5;France
377;Jardin du Luxembourg;Aprovechando que estaba lindo el dia pegamos una pasada por los jardines de luxemburgo. Un parque enorme detras del palacio de luxemburgo. Tiene canchas de tenis, un carrousel y una fuente enorme.;4.884.665.433;233.701.844;12/04/2013 0:00;383;11;Paris;11;Île-de-France;5;France
379;Horse Guards;Ibamos a hacer el freetour y vemos mucha gente amontonada y la guardia real en caballos. Nos acercamos a ver que era y era el cambio de guardia.;5.150.474.246;-0.12785076;14/04/2013 0:00;384;12;London;35;;6;United Kingdom
378;Buckingham Palace;Hicimos el freetour como en todas las ciudades y la primer parada fue el palacio real y pudimos ver el cambio de guardia;5.150.136.400;-0.14189000;14/04/2013 0:00;385;12;London;12;England;6;United Kingdom
383;St James's Palace;Despues del palacio real pasamos por el palacio de St James. Aca es donde vive la familia real (en el de buckingham solo vive la reina). Aca terminamos de ver el cambio de guardia.;5.150.473.680;-0.13716240;14/04/2013 0:00;386;12;London;12;England;6;United Kingdom
380;Westminster;La imagen conocida de Londres, el parlamento, el big ben, la abadia de westminster.;5.150.070.460;-0.12457480;14/04/2013 0:00;387;12;London;12;England;6;United Kingdom
381;Hyde Park;Un parque gigante (dijo el guia que del tamaño de monaco). Con una laguna enorme. En este parque esta el monumento a Lady Di.;5.150.743.100;-0.16570800;14/04/2013 0:00;388;12;London;12;England;6;United Kingdom
382;Piccadilly Circus;Dando una vuelta para conocer un poco fuimos desde el hide park todo por oxford street y despues doblamos para picadilly circus. Dicen que es el punto de encuentro de los locales para despues salir a cualquier lado. Lleno de negocios, esta lleno de pantallas de led al estilo time square.;5.151.005.000;-0.13377000;14/04/2013 0:00;389;12;London;35;;6;United Kingdom
384;St. James's Park;Un parque que originalmente era solo para la aristocracia de londres pero despues fue abierto al pueblo. Los rusos le regalaron a la corona inglesa una bandada de pelicanos que aun hoy sigue estando en el lago del parque.;5.150.252.538;-0.13220671;14/04/2013 0:00;390;12;London;35;;6;United Kingdom
385;Piccadilly Circus de noche;Pasamos de nuevo a la noche buscando algun lugar para salir. Un bar que nos recomendaron estaba VACIO!!! El resto de los bares cerrados y lo que estaba abierto eran stripclubs o boliches pedorros de entre 7 y 10 libras (70 y 100 pesos...) conclucion, conocimos picadilly circus de noche y de vuelta al hostel.;5.151.005.000;-0.13377000;14/04/2013 0:00;391;12;London;35;;6;United Kingdom
421;St Paul's Cathedral;Visitamos la iglesia de San Pablo. Aca fue donde se hizo el funeral de margaret thatcher;5.151.367.920;-0.09956010;14/04/2013 0:00;427;12;London;12;England;6;United Kingdom
386;Tower Bridge;;5.150.555.050;-0.07543440;15/04/2013 0:00;392;15;London;35;;6;United Kingdom
387;Regent's Park;Llendo a abbey rode despues del london bridge (caminando) pasamos por este parque. Enorme y muy lindo. En una parte con unas fuentes zarpadas y en otra lleno de canchas de football y un lago.;5.152.551.340;-0.14814380;15/04/2013 0:00;393;12;London;12;England;6;United Kingdom
388;Abbey Road;Como no podia ser de otra forma, la foto en abbey road.;5.153.204.740;-0.17736094;15/04/2013 0:00;394;12;London;35;;6;United Kingdom
389;La casa de Sherlock Holmes;Y pasamos por la casa de Sherlock Holmes. No entraos al museo xq era carisimo por ser simplemente una escenografia pero pasamos por el 'shop' y tenian cosas muy originales.;5.152.381.380;-0.15844760;15/04/2013 0:00;395;12;London;35;;6;United Kingdom
390;The British Museum;Arrancamos visitando el museo britanico con toda su coleccion de cosas robadas por el mundo, particularmente Egipto. Es increible la cantidad de momias que hay ahi!;5.151.885.600;-0.12633710;16/04/2013 0:00;396;12;London;12;England;6;United Kingdom
391;Camden Lock Market;Despues dimos un recorrido por el barrio de Camden y pasamos por el mercado. Es enorme ese mercado, venden ropa, musica, artesanias y un poco de todo lo demas. Hay comida de todas las etnias.;5.154.132.780;-0.14602200;16/04/2013 0:00;397;12;London;35;;6;United Kingdom
392;Banksy vs Robbo;Caminando por el canal que pasa al lado del mercado llegamos por casualidad al famoso graffiti de la pelea entre Banksy y Robbo. Esta en un rincon debajo de un puente.;5.154.096.747;-0.14040009;16/04/2013 0:00;398;12;London;35;;6;United Kingdom
393;Funeral de Margaret Thatcher;El funeral fue en la catedral que esta a la vuelta del hostel asi que despues de desayunar pasamos para ver. Muchisima gente amontonada en las veredas y por la calle un desfile de policias, militares y guardia real con sus bandas. Algo que no nos podiamos perder, es como minimo curioso.;5.151.367.920;-0.09956010;17/04/2013 0:00;399;12;London;12;England;6;United Kingdom
394;Natural History Museum;Recorrimos un museo de historia natural. Nada del otro mundo. Muchos dinosaurios y bastante interactivo para los nenes.;5.149.637.391;-0.17582417;17/04/2013 0:00;400;12;London;35;;6;United Kingdom
396;Science Museum;Museo de ciencias. Tiene una exposicion muy copada con un poco de todo. Tiene una exposicion media rara de google, una como la del museo 'prohibido no tocar' y el resto me parecieron malaa.;5.149.780.950;-0.17452350;17/04/2013 0:00;401;12;London;35;;6;United Kingdom
395;Nottin Hill;Pegamos una recorrida por Nottin Hill. Muy lindo barrio, lleno de casitas de dos pisos y autos caros, negocios con mucha onda. Encontramos la puertita azul y la libreria de la pelicula y despues paramos a tomar algo ;5.151.671.460;-0.20658550;17/04/2013 0:00;402;12;London;35;;6;United Kingdom
397;The Red Lion;Y despues fuimos a un barcito en las afueras de Londres (en Ealing). Cene una mega hamburguesa (con chili con carne, queso, lechuga y panceta) con papas y tome una honney dew riquisima.;5.150.803.420;-0.30497330;17/04/2013 0:00;403;12;London;35;;6;United Kingdom
399;Tower Bridge de noche;;5.150.570.340;-0.07527110;17/04/2013 0:00;405;15;London;35;;6;United Kingdom
398;The British Library;Tiene una muestra interesante don libros y manuscritos antiguos. Tiene cartas de darwin, libros con correcciones de shakespeare, manuscritos de da vinci y miguelangelo y unos borradores de canciones de los beatles.;5.152.889.960;-0.12748620;18/04/2013 0:00;404;12;London;12;England;6;United Kingdom
400;Ye Olde Cheshire Cheese;Un bar reconstruido en el 1600. Es enorme y muy pintoresco. Con bar en el sótano, pb y 3 pisos más.  Birras tiradas de todos los gustos. ;5.151.443.160;-0.10708560;18/04/2013 0:00;406;12;London;35;;6;United Kingdom
401;Liverpool Women's NHS Foundation Trust;Lugar donde nacio John. Era el London Maternity Hospital.;5.339.859.500;-295.999.000;19/04/2013 0:00;407;13;Liverpool;35;;6;United Kingdom
402;Liverpool Institute for Performing Arts (LIPA);Paul estudio en este instituto de musica mientras John estudiaba en el instituto de arte al lado. Hoy el LIPA pertenece a Paul y compro el instituto de arte de al lado para expandir el LIPA (Estaba abandonado). Segun nos contaron todos los años va para entregar a los graduados el diploma;5.339.968.980;-297.199.730;19/04/2013 0:00;408;13;Liverpool;12;England;6;United Kingdom
403;Ringo Star Birthplace;Casa donde nacio y crecio ringo star. Todo ese barrio esta abandonado y esta por demolerse para construir nuevas viviendas por el gobierno aunque algunas casas (incluida esta) solo se van a remodelar.;5.338.870.580;-295.968.710;19/04/2013 0:00;409;13;Liverpool;12;England;6;United Kingdom
404;El edificio de Sentimental Journey;Este edificio es el que uso ringo para la tapa de ese disco.;5.338.759.649;-296.043.992;19/04/2013 0:00;410;13;Liverpool;12;England;6;United Kingdom
405;Penny Lane;Pasamos por Penny Lane. Una calle de liverpool pero tambien llaman asi a una parte de la ciudad (casi se podria decir un barrio) por donde paul pasaba siempre y sobre esta zona habla la cancion.;5.338.474.315;-292.373.103;19/04/2013 0:00;411;13;Liverpool;35;;6;United Kingdom
406;Penny Lane Barbershop;... o donde se cortaban el pelo. De esta peluqueria habla la cancion;5.338.913.270;-291.510.505;19/04/2013 0:00;412;13;Liverpool;58;Kentucky;6;United Kingdom
407;La casa donde crecio Paul;La casa donde crecio hasta que no pudieron vivir mas ahi por el acoso de l@s fans y se mudaron del otro lado del rio.;5.336.955.440;-289.772.570;19/04/2013 0:00;413;13;Liverpool;35;;6;United Kingdom
408;Strawberry Field;Era un orfanato a la vueta de donde crecio John, hoy es solo la puerta y un terreno abandonado. Todos los dias se escaba, saltaba la pared y se iba a jugar al orfanato. Dicen que Yoko tiro ahi las cenizas porque John tenia ahi los mejores recuerdos.;5.338.098.330;-288.044.560;19/04/2013 0:00;414;13;Liverpool;12;England;6;United Kingdom
409;La casa donde crecio John;Esta era la casa de la tia de john.;5.337.778.910;-288.272.040;19/04/2013 0:00;415;13;Liverpool;35;;6;United Kingdom
410;La tumba de Eleanor Rigby;En el cementerio de la iglesia de San Pedro esta la tumba de la familia Rigby. Dicen que de ahi saco los nombres Paul aunque el dice que son todos invetados;5.337.609.121;-286.914.289;19/04/2013 0:00;416;13;Liverpool;12;England;6;United Kingdom
411;Lugar donde se conocieron John y Paul;;5.337.603.413;-286.803.062;19/04/2013 0:00;417;13;Liverpool;35;;6;United Kingdom
412;La casa donde crecio George;;5.339.900.310;-291.663.620;19/04/2013 0:00;418;13;Liverpool;35;;6;United Kingdom
413;The Cavern Pub;En su momento, The Cavern no tenia habilitacion para vender alcohol por lo que en frente abrieron este pub donde si podian. En la puerta esta la estatua de Lennon.;5.340.625.367;-298.815.151;19/04/2013 0:00;419;13;Liverpool;35;;6;United Kingdom
414;The Cavern Club;que mas se puede decir...;5.340.635.121;-298.797.180;19/04/2013 0:00;420;13;Liverpool;35;;6;United Kingdom
415;Albert Dock;Un dock donde antiguamente descargaban los barcos y actualmente esta lleno de locales y restaurantes.;5.340.030.000;-299.270.000;20/04/2013 0:00;421;13;Liverpool;35;;6;United Kingdom
416;Barrio Chino;Pasamos y estaba todo cerrado. Solo habia restaurantes chinos!;5.340.020.343;-297.757.668;20/04/2013 0:00;422;13;Liverpool;12;England;6;United Kingdom
417;Liverpool Cathedral;La iglesa es enorme y pudimos subir a la torre del campanario. De ahi se llega a ver una planta de energia eolica y una nuclear.;5.339.739.570;-297.316.410;20/04/2013 0:00;423;13;Liverpool;12;England;6;United Kingdom
418;Liverpool Metropolitan Cathedral;La catedral catolica de liverpool.;5.340.452.390;-296.887.310;20/04/2013 0:00;424;13;Liverpool;35;;6;United Kingdom
419;Edgware;Nos tomamos un tren a las afueras de Londres y nos bajamos en Egware, ultia estacion de la linea northern. Un pueblo chiquito sin mucho para ver. Algunos barrios de mucha plata. Vimos ferraris, jaguars y lanborginis... ;5.161.082.151;-0.28139591;21/04/2013 0:00;425;104;Barnet;12;England;6;United Kingdom
420;Elstree;Empezamos a caminar por high street hasta que llegamos a esta laguna en Elstree. ;5.164.789.679;-0.31166842;21/04/2013 0:00;426;105;Elstree;35;;6;United Kingdom
422;Big Ben de noche;Y por ultimo visitamos el palacio de westminster de noche;5.150.070.460;-0.12457480;21/04/2013 0:00;428;12;London;12;England;6;United Kingdom
423;Bastille;Monumento a la bastilla. Pasamos mientras haciamos tiempo para tomar el tren a madrid;4.885.308.200;236.900.200;22/04/2013 0:00;429;11;Paris;11;Île-de-France;5;France
424;Plaza Mayor;Llegamos a madrid y salimos a dar una vuelta. Enganchamos el free tour que venimos haciendo en todas las ciudades.;4.041.536.400;-370.739.800;23/04/2013 0:00;430;14;Madrid;13;Community of Madrid;7;Spain
425;Museo Nacional del Prado;Despues de las 18 hay entrada gratuita para residentes europeos e iberoamericanos asi que aprovechamos para recorrerlo.;4.041.378.170;-369.228.610;23/04/2013 0:00;431;14;Madrid;13;Community of Madrid;7;Spain
426;Puerta de Alcalá;Aprovechamos que estabamos cerca cuando fuimos al museo y pasamos a ver la puerta de alcala. Uno de los pasos por la muralla que protejia la ciudad de madrid.;4.042.002.260;-368.873.480;23/04/2013 0:00;432;14;Madrid;13;Community of Madrid;7;Spain
427;Plaza de Cibeles;;4.041.916.670;-369.305.560;23/04/2013 0:00;433;14;Madrid;13;Community of Madrid;7;Spain
428;Almudena Cathedral;Visitaos la catedral de Almudema. Esta a la vuelta del palacio real.;4.041.608.750;-371.426.970;24/04/2013 0:00;434;14;Madrid;13;Community of Madrid;7;Spain
429;Cambio de guardia en el Palacio Real;Vimos el cambio de guardia. Lo hacen los miercoles cada media hora. Es más un show que algo serio pero igual esta bueno. Despues el primer miercoles de cada mes hacen el cambio de guarda tradicional.;4.041.827.356;-371.336.786;24/04/2013 0:00;435;14;Madrid;13;Community of Madrid;7;Spain
430;Temple of Debod;Este es un templo que le regalaron los egipcios a los españoles en agradecimiento ya que gracias a los españoles se salvo otro de los templos xq queria hacer una represa donde estaba.;4.042.420.940;-371.757.880;24/04/2013 0:00;436;14;Madrid;13;Community of Madrid;7;Spain
431;Arco de San Vicente;Era la puerta para pasar por el puente del rey, la puerta del rey y llegar al camino que iba a la casa de campo.;4.042.040.460;-372.064.780;24/04/2013 0:00;437;14;Madrid;13;Community of Madrid;7;Spain
432;Casa de Campo;Caminamos por el parque que va a la casa de campo pero llegamos hasta este lago y volvimos para no perder tiempo y poder seguir recorriendo la ciudad. Al lado de la roseleda hay un teleferico que va directo a la casa de campo.;4.041.872.387;-373.166.084;24/04/2013 0:00;438;14;Madrid;13;Community of Madrid;7;Spain
433;Parque del Retiro;Un parque inmenso con dos palacios dentro: el de cristal y el de velazques.;4.041.542.350;-368.423.580;24/04/2013 0:00;439;14;Madrid;13;Community of Madrid;7;Spain
434;Palacio de Cristal;Un palacio hecho totalmente de cristal.;4.041.361.320;-368.204.930;24/04/2013 0:00;440;14;Madrid;13;Community of Madrid;7;Spain
435;Palacio de Velázquez;Aca hacen exposiciones. En teoria deberia haber estado abierto pero no fue el caso.;4.041.519.000;-368.198.900;24/04/2013 0:00;441;14;Madrid;13;Community of Madrid;7;Spain
436;Royal Palace of Madrid;Visitamos el palacio real. Despues de las 17 se puede entrar gratis como en el prado asi que aprovechamos de nuevo.;4.041.795.500;-371.431.200;24/04/2013 0:00;442;14;Madrid;13;Community of Madrid;7;Spain
437;San Francisco el Grande Basilica;Pasamos por enfrente xq estaba cerrada.;4.041.045.140;-371.469.510;24/04/2013 0:00;443;14;Madrid;13;Community of Madrid;7;Spain
438;Puerta de Toledo;Otra de las puertas por donde pasaba la muralla.;4.040.660.301;-371.171.639;24/04/2013 0:00;444;14;Madrid;13;Community of Madrid;7;Spain
446;Toledo;Una ciudad chica, amurallada, con calles chicas y callejones. MUY linda para caminarla toda.;3.986.283.160;-402.732.310;25/04/2013 0:00;452;106;Toledo;59;Castile-La Mancha;7;Spain
453;Cathedral of Toledo;;3.985.714.160;-402.362.470;25/04/2013 0:00;460;106;Toledo;59;Castile-La Mancha;7;Spain
455;Plaza Zocodover;En esta plaza hay varios lugares para comer, unos puestos como una feria q venden libros y aca se centraliza un poco el turismo, siempre esta repleta de gente.;3.985.962.800;-402.154.630;25/04/2013 0:00;462;106;Toledo;59;Castile-La Mancha;7;Spain
467;Plaza de toros;;3.986.727.849;-402.337.489;25/04/2013 0:00;474;106;Toledo;59;Castile-La Mancha;7;Spain
468;Circo Romano;;3.986.430.700;-402.915.300;25/04/2013 0:00;475;106;Toledo;59;Castile-La Mancha;7;Spain
447;La Sagrada Familia;Iglesia hecha por Gaudi. No entramos todavia a visitarla pero dicen que es muy linda por dentro;4.140.357.070;217.447.220;26/04/2013 0:00;453;16;Barcelona;14;Catalonia;7;Spain
448;Arc de Triomf;El arco del triunfo español...;4.139.092.722;218.051.327;26/04/2013 0:00;454;16;Barcelona;14;Catalonia;7;Spain
449;Parc de la Ciutadella;Un parque con la fuente de gaudi, un par de museos, el parlamento catalan y el zoo de barcelona.;4.138.925.740;218.399.820;26/04/2013 0:00;456;16;Barcelona;14;Catalonia;7;Spain
450;Playa!;A pesar de que el dia estaba horrible y que estaba por largarse a llover en cualquier momento fuimos a caminar por la playa. Si bien no hacia frio (tampoco calor) habia muchisima gente en el mar (la mayoria surfers).;4.138.139.315;219.494.700;26/04/2013 0:00;457;16;Barcelona;14;Catalonia;7;Spain
451;El Barri Gòtic;El barrio gotico es el barrio mas antiguo de barcelona. Se lo considera el casco historico y tiene un trazado muy particular por lo que es bastante facil perderse. Por eso en muchas esquinas hay carteles señalando para donde queda la salida.;4.138.190.550;217.818.500;26/04/2013 0:00;458;16;Barcelona;14;Catalonia;7;Spain
452;Catedral de Barcelona;Tiene un estilo claramente gotico y una de las entradas es por el claustro que esta a un lado el cual tiene un patio con una fuente en el medio llena de ganzos.;4.138.419.800;217.629.600;26/04/2013 0:00;459;16;Barcelona;14;Catalonia;7;Spain
458;Casa Batlló;Lo mismo que con los otros edificois de gaudi. mucha gente y caro! Me quede con las ganas...;4.139.170.000;216.491.800;27/04/2013 0:00;464;16;Barcelona;14;Catalonia;7;Spain
457;La Pedrera - Casa Mila;Lo mismo que con los otros edificois de gaudi. mucha gente y caro! Me quede con las ganas...;4.139.530.870;216.183.540;27/04/2013 0:00;465;16;Barcelona;14;Catalonia;7;Spain
460;Parc Güell;Este parque tambien fue diseñado por Gaudi. Es muy loco e imperdible.;4.141.348.840;215.312.810;27/04/2013 0:00;467;16;Barcelona;14;Catalonia;7;Spain
461;Plaça de Catalunya;;4.138.662.310;216.934.020;27/04/2013 0:00;468;16;Barcelona;14;Catalonia;7;Spain
462;Mercado de la Boqueria;Un mercado que venden jamones de todo tipo, frutas y pescados.;4.138.165.075;217.172.227;27/04/2013 0:00;469;16;Barcelona;14;Catalonia;7;Spain
463;Plaça Reial;;4.138.000.480;217.504.080;27/04/2013 0:00;470;16;Barcelona;14;Catalonia;7;Spain
464;Santa Maria del Pi;;4.138.208.710;217.361.660;27/04/2013 0:00;471;16;Barcelona;14;Catalonia;7;Spain
465;Ramblas;;4.138.191.203;217.255.206;27/04/2013 0:00;472;16;Barcelona;14;Catalonia;7;Spain
469;Magic Fountain of Montjuic;En teoria se ve como en la foto, pero fuimos en un horario que esta apagada. Con el clima que hay estos dias nos vamos a quedar sin ver el show...;4.137.104.990;215.180.060;28/04/2013 0:00;476;16;Barcelona;14;Catalonia;7;Spain
470;Palacio Nacional - Museo Nacional de Arte;;4.136.828.850;215.218.020;28/04/2013 0:00;477;16;Barcelona;14;Catalonia;7;Spain
471;Palau Sant Jordi;;4.136.162.670;215.298.840;28/04/2013 0:00;478;16;Barcelona;14;Catalonia;7;Spain
472;Estadio Olimpico;;4.136.594.500;215.576.480;28/04/2013 0:00;479;16;Barcelona;14;Catalonia;7;Spain
473;Montjuïc Castle;;4.136.338.150;216.623.160;28/04/2013 0:00;480;16;Barcelona;14;Catalonia;7;Spain
474;World Trade Center;;4.137.303.730;217.851.530;28/04/2013 0:00;481;16;Barcelona;14;Catalonia;7;Spain
478;Carrer Muralla;La ciudad tiene los restos de esta muralla que rodea el centro historico. Se puede subir y recorrer caminando por arriba de ella.;4.198.196.645;282.601.387;29/04/2013 0:00;485;107;Girona;14;Catalonia;7;Spain
479;Plaça Catalunya;;4.198.190.270;282.361.380;29/04/2013 0:00;486;107;Girona;14;Catalonia;7;Spain
480;Plaza de la Francesa;;4.198.697.892;282.834.917;29/04/2013 0:00;487;107;Girona;14;Catalonia;7;Spain
481;Catedral;;4.198.734.960;282.636.760;29/04/2013 0:00;488;107;Girona;14;Catalonia;7;Spain
482;Sant Feliu;;4.198.756.270;282.460.910;29/04/2013 0:00;489;107;Girona;14;Catalonia;7;Spain
483;Puente de Gomez;;4.198.666.454;282.400.936;29/04/2013 0:00;490;107;Girona;14;Catalonia;7;Spain
484;Pont de les Peixateries Velles - Puente de Eiffel;;4.198.454.492;282.389.328;29/04/2013 0:00;491;107;Girona;14;Catalonia;7;Spain
485;Puente de Piedra;;4.198.275.180;282.378.930;29/04/2013 0:00;492;107;Girona;14;Catalonia;7;Spain
486;Plaça Independència;;4.198.611.050;282.325.020;29/04/2013 0:00;493;107;Girona;14;Catalonia;7;Spain
488;Capitole;;4.360.442.920;144.381.210;30/04/2013 0:00;495;108;Toulouse;60;Midi-Pyrénées;5;France
489;Place Saint-Sernin;;4.360.792.120;144.194.330;30/04/2013 0:00;496;108;Toulouse;60;Midi-Pyrénées;5;France
490;Hôtel d'Assézat;;4.360.008.900;144.207.800;30/04/2013 0:00;497;108;Toulouse;60;Midi-Pyrénées;5;France
491;Pont Neuf;;4.359.931.910;143.887.670;30/04/2013 0:00;498;108;Toulouse;60;Midi-Pyrénées;5;France
492;Jardin du Compans Caffarelli - Jarin Japones;Es un parque que adentro tiene un jardin japones adentro con un jardin zen.;4.361.171.979;143.232.604;01/05/2013 0:00;499;108;Toulouse;60;Midi-Pyrénées;5;France
493;Plais des Sports;;4.361.221.694;143.537.303;01/05/2013 0:00;500;108;Toulouse;60;Midi-Pyrénées;5;France
494;Paroisse de Saint Aubin;;4.360.429.220;145.432.780;01/05/2013 0:00;501;108;Toulouse;60;Midi-Pyrénées;5;France
495;Halle Aux Grains;;4.360.003.696;145.397.500;01/05/2013 0:00;502;108;Toulouse;60;Midi-Pyrénées;5;France
496;Monument aux Combattants de la Haute-Garonne;;4.360.010.450;145.204.040;01/05/2013 0:00;503;108;Toulouse;60;Midi-Pyrénées;5;France
497;Cathédrale Saint-Étienne;;4.359.993.660;145.049.210;01/05/2013 0:00;504;108;Toulouse;60;Midi-Pyrénées;5;France
498;Jardin du Grand-Rond;;4.359.498.850;145.194.280;01/05/2013 0:00;505;108;Toulouse;60;Midi-Pyrénées;5;France
499;Le Jardin Royal;;4.359.644.550;145.086.960;01/05/2013 0:00;506;108;Toulouse;60;Midi-Pyrénées;5;France
500;Monumento a Antoine de Saint-Exupéry;;4.359.524.738;144.972.727;01/05/2013 0:00;507;108;Toulouse;60;Midi-Pyrénées;5;France
501;Jardin des Plantes;;4.359.277.700;145.240.500;01/05/2013 0:00;508;108;Toulouse;60;Midi-Pyrénées;5;France
502;Palais de Justice;;4.359.229.340;144.467.030;01/05/2013 0:00;509;108;Toulouse;60;Midi-Pyrénées;5;France
503;Palais Niel;;4.359.728.230;145.096.950;01/05/2013 0:00;510;108;Toulouse;60;Midi-Pyrénées;5;France
504;Place de la Trinité;;4.359.970.200;144.430.100;01/05/2013 0:00;511;108;Toulouse;60;Midi-Pyrénées;5;France
506;Playa! Y con sol!;Hoy llegamos a Marsella. La ciudad no me gusto demasiado, me parecio sucia, desprolija, fea... Aprovechamos para ir a la playa ya que habia un sol tremendo y en la zona cercana a la playa es mas lindo (tambien se ve mas caro con casonas, calles mas cuidadas y parquizadas).Las playas no me parecieron nada del otro mundo (son chiquitas y en algunas hay arena y piedras, otras solo piedra) pero lo que si es inmejorable es la vista, para eso dejo la foto...;4.326.198.942;537.231.201;02/05/2013 0:00;513;109;Marseille;61;Provence-Alpes-Côte d'Azur;5;France
508;Calanque de Sugiton;Despues de media hora de colectivo llegamos a la entrada del parque. Caminamos un rato largo y llegamos a la costa. La vista es increible y cuando bajamos llegamos a una parte con piedras bordeando el agua. Mas tarde fuimos a una playita chiquita entre lo calaques. INCREIBLE.;4.321.047.990;545.558.300;03/05/2013 0:00;515;109;Marseille;61;Provence-Alpes-Côte d'Azur;5;France
509;Playa en Niza;Llegamos y salimos corriendo a la playa. Despues salimos a recorrer un poco y la verdad que es MUY lindo Niza. Mucho contraste con Marsella.;4.369.463.970;727.700.748;04/05/2013 0:00;516;110;Nice;61;Provence-Alpes-Côte d'Azur;5;France
510;Place Masséna;;4.369.694.490;727.079.730;04/05/2013 0:00;517;110;Nice;61;Provence-Alpes-Côte d'Azur;5;France
511;Colline du Château;Una colina que tiene una vista muy linda de Niza. De un lado se ve toda la ciudad y las playas, del otro se ve el amarradero de yates y cruceros. Sobre la colina hay un parque con juegos para chicos.;4.369.720.400;727.999.270;04/05/2013 0:00;518;110;Nice;61;Provence-Alpes-Côte d'Azur;5;France
512;Caminando por el centro;Solo puedo decir que es MUY lindo Niza!;4.369.758.750;726.720.790;04/05/2013 0:00;519;110;Nice;61;Provence-Alpes-Côte d'Azur;5;France
513;Duomo di Milano;Una iglesia ENORME. Llena de vitraux pero muy lugubre. Algo loco, estan momificados dos beatos de esa iglesia en una vitrina con sus trajes.;4.546.409.259;919.105.593;05/05/2013 0:00;520;19;Milan;16;Lombardy;9;Italy
514;Galleria Vittorio Emanuele II;;4.546.522.505;918.997.761;05/05/2013 0:00;521;19;Milan;16;Lombardy;9;Italy
515;Castello Sforzesco;;4.547.061.230;917.864.490;05/05/2013 0:00;522;19;Milan;16;Lombardy;9;Italy
516;Piazza Castello;;4.547.179.279;917.721.823;05/05/2013 0:00;523;19;Milan;16;Lombardy;9;Italy
517;Arco della Pace;;4.547.568.510;917.239.840;05/05/2013 0:00;524;19;Milan;16;Lombardy;9;Italy
518;Lugano;Llegamos recorrimos todo y nos fuimos. Una linda ciudad, chiquita, muy prolija y cara. Parece una version miniatura de Bariloche (salvando las distancias).;4.600.426.014;895.844.269;06/05/2013 0:00;525;18;Lugano;15;Ticino;8;Switzerland
520;Como;Despues de Lugano pasamor por Como. Una ciudad chiquita con un lago tambien. Es una mini ciudad italiana del estereotipo de las peliculas. Muy linda.;4.581.768.895;908.227.086;06/05/2013 0:00;527;111;Como;16;Lombardy;9;Italy
521;Duomo di Como;Pasamos por la Catedral de Como. Es enorme y esta bastante buena. Igualmente más chica que la de Milan.;4.581.188.980;908.399.880;06/05/2013 0:00;528;111;Como;16;Lombardy;9;Italy
522;Duomo di Milano de noche;;4.546.446.130;918.922.130;06/05/2013 0:00;529;19;Milan;16;Lombardy;9;Italy
523;Galleria Vittorio Emanuele II de noche;;4.546.469.080;919.000.980;06/05/2013 0:00;530;19;Milan;16;Lombardy;9;Italy
524;Lindenhof;Una linda vista desde esta plaza del rio y el centro de la ciudad. ;4.737.301.598;854.136.380;07/05/2013 0:00;531;17;Zurich;7;South Holland;8;Switzerland
525;Sankt Peter Kirche;;4.737.112.770;854.060.370;07/05/2013 0:00;532;17;Zurich;7;South Holland;8;Switzerland
526;Augustinergasse Straat;;4.737.208.000;853.959.000;07/05/2013 0:00;533;17;Zurich;7;South Holland;8;Switzerland
527;Florence;Llegamos a Florencia, salimos a buscar un supermercado para comprar algo para cenar y la verdad que es muy linda la ciudad aunque un poco sucia y olores (por lo menos la zona que recorrimos).;4.377.103.320;1.124.800.060;08/05/2013 0:00;534;21;Florence;17;Tuscany;9;Italy
528;Duomo di Firence;;4.377.305.926;1.125.702.813;09/05/2013 0:00;535;21;Florence;17;Tuscany;9;Italy
529;Ponte Vecchio;;4.376.798.850;1.125.313.410;09/05/2013 0:00;536;21;Florence;17;Tuscany;9;Italy
530;Piazzale Michelangelo;Tiene una increible vista de todo Florencia. Para mi mejor que subir a la cupula o a la torre del duomo ya que se ve lo mas importante... EL DUOMO!;4.376.282.100;1.126.501.130;09/05/2013 0:00;537;21;Florence;17;Tuscany;9;Italy
531;Duomo di Firence de noche;;4.377.280.360;1.125.597.670;09/05/2013 0:00;538;21;Florence;17;Tuscany;9;Italy
532;Ponte Vecchio de noche;;4.376.798.850;1.125.313.410;09/05/2013 0:00;539;21;Florence;17;Tuscany;9;Italy
533;Leaning Tower of Pisa;;4.372.295.160;1.039.659.710;10/05/2013 0:00;540;20;Pisa;17;Tuscany;9;Italy
534;Cinque Terre - Riomaggiore;;4.409.920.386;973.728.633;10/05/2013 0:00;541;15;Riomaggiore;62;Liguria;9;Italy
535;Cinque Terre - Manarola;;4.410.645.969;972.732.765;10/05/2013 0:00;542;112;Manarola;62;Liguria;9;Italy
536;Cinque Terre - Vernazza;;4.413.492.110;968.499.350;10/05/2013 0:00;543;113;Vernazza;62;Liguria;9;Italy
537;Colosseum;;4.189.026.800;1.249.231.500;11/05/2013 0:00;544;22;Rome;18;Lazio;9;Italy
538;Foros romanos;;4.188.828.724;1.248.744.411;11/05/2013 0:00;545;22;Rome;18;Lazio;9;Italy
539;Altar of the Fatherland;;4.189.459.010;1.248.310.520;11/05/2013 0:00;546;22;Rome;18;Lazio;9;Italy
540;Piazza della Repubblica de noche;;4.190.245.080;1.249.652.060;11/05/2013 0:00;547;22;Rome;18;Lazio;9;Italy
541;Plaza San Pedro;Aprovechamos que habia una ceremonia de canonizacion y fuimos a visitar el vaticano. Llegamos justo para poder sentarnos. cuando termino nos pusimos justo donde iba a pasar Franchesco con el papamovil.;4.190.197.010;1.245.704.600;12/05/2013 0:00;548;22;Rome;18;Lazio;22;Vatican City
543;Castel Sant'Angelo;;4.190.273.700;1.246.640.000;12/05/2013 0:00;549;22;Rome;18;Lazio;9;Italy
542;Piazza del Popolo;;4.191.101.910;1.247.618.790;12/05/2013 0:00;550;22;Rome;18;Lazio;9;Italy
544;Piazza Navona, Rome;;4.189.855.240;1.247.321.100;12/05/2013 0:00;551;22;Rome;18;Lazio;9;Italy
545;Area Sacra di Largo Argentina;;4.189.562.100;1.247.682.830;12/05/2013 0:00;552;22;Rome;18;Lazio;9;Italy
546;Pantheon;Se construyo en el año 80 antes de cristo.;4.189.886.100;1.247.693.060;12/05/2013 0:00;553;22;Rome;18;Lazio;9;Italy
547;Trevi Fountain;Increible la cantidad de gente que habia. Con un sol fuerticimo estaban todos tomando sombra al costado de la fuente.;4.190.100.460;1.248.328.530;12/05/2013 0:00;554;22;Rome;18;Lazio;9;Italy
548;Musei Vaticani;Despues de una hora y media de cola entramos a los museos vaticanos. Colecciones de arte de todos lados de todos los tiempos.;4.190.555.537;1.245.456.493;13/05/2013 0:00;555;22;Rome;18;Lazio;9;Italy
549;Sistine Chapel;;4.190.304.400;1.245.446.200;13/05/2013 0:00;556;15;Vaticane;35;;22;Vatican City
550;Basilica di San Pietro;;4.190.214.930;1.245.509.510;13/05/2013 0:00;557;22;Rome;18;Lazio;22;Vatican City
551;Piazza di San Pietro;;4.190.224.512;1.245.745.544;13/05/2013 0:00;558;22;Rome;18;Lazio;22;Vatican City
552;Isola Tiberina;;4.189.097.839;1.247.639.338;13/05/2013 0:00;559;22;Rome;18;Lazio;9;Italy
553;Piazza di Spagna;;4.190.606.660;1.248.176.940;13/05/2013 0:00;560;22;Rome;18;Lazio;9;Italy
554;Scalinata Trinita dei Monti;;4.190.459.000;1.247.926.000;13/05/2013 0:00;561;22;Rome;18;Lazio;9;Italy
555;Fonte Acqua Paola;;4.188.879.620;1.246.425.988;14/05/2013 0:00;562;22;Rome;18;Lazio;9;Italy
557;Piazza di San Pietro in Montorio;;4.188.858.400;1.246.665.000;14/05/2013 0:00;563;22;Rome;18;Lazio;9;Italy
556;Chiesa San Pietro in Montorio;;4.188.858.400;1.246.665.000;14/05/2013 0:00;564;22;Rome;18;Lazio;9;Italy
558;Bocca della Verità;;4.188.813.200;1.248.140.000;14/05/2013 0:00;565;22;Rome;18;Lazio;9;Italy
559;Santa Maria in Cosmedin;;4.188.818.900;1.248.143.500;14/05/2013 0:00;566;22;Rome;18;Lazio;9;Italy
560;Castel dell'Ovo;;4.082.831.570;1.424.760.440;15/05/2013 0:00;567;24;Naples;19;Campania;9;Italy
561;Piazza del Plebiscito;;4.083.661.250;1.424.861.840;15/05/2013 0:00;568;24;Naples;19;Campania;9;Italy
562;San Francesco di Paola;;4.083.519.070;1.424.731.430;15/05/2013 0:00;569;24;Naples;19;Campania;9;Italy
563;Umberto the Ist Gallery;;4.083.849.160;1.424.937.970;15/05/2013 0:00;570;24;Naples;19;Campania;9;Italy
564;Castel Nuovo;;4.083.842.400;1.425.240.000;15/05/2013 0:00;571;24;Naples;19;Campania;9;Italy
565;Duomo of Naples;;4.085.244.510;1.425.923.840;15/05/2013 0:00;572;24;Naples;19;Campania;9;Italy
566;Piazza Bartolo Longo;;4.074.897.770;1.449.950.880;16/05/2013 0:00;573;115;Pompei;19;Campania;9;Italy
567;Ciudad arqueologica;Es increible ver una ciudad que en el 72 DC quedo congelada despues de que la cubriera la erupcion del vesubio. Todavia estan las ruinas de como era la ciudad entera y se pueden ver personas focilizadas en la posicion en la que murieron. Es increible!;4.075.038.600;1.448.422.400;16/05/2013 0:00;574;115;Pompei;19;Campania;9;Italy
568;Vietri sul mare;Quisimos ir a Amalfi y cuando llegamos a la estacion, salimos a la ciudad que ahi estaba y despues de un rato vimos que era Vietri. La oficina de turismo estaba cerrada asi que nos quedamos toda la tarde ahi. Cuando volvimos ya habia abierto, preguntamos y resulta que habia que tomar un colectivo y a una hora de distancia esta Amalfi.;4.067.281.601;1.472.792.656;16/05/2013 0:00;575;116;Vietri Sul Mare;19;Campania;9;Italy
569;Playa;;4.066.721.249;1.472.820.689;16/05/2013 0:00;576;116;Vietri Sul Mare;19;Campania;9;Italy
570;Sorrento;El servicio meteorologico decia lluvia todo el dia y nos despertamos con lluvia... pero media hora despues un sol terrible. Teniendo fe me fui con jean y un paraguas en la mochila con la esperanza de poder recorrer sorrento... lo que paso fue que el sol se quedo y solo me pude mojar los pies xq para que iba a llevar maya y toalla?;4.062.629.250;1.437.579.850;17/05/2013 0:00;577;117;Sorrento;19;Campania;9;Italy
571;Capri;;4.055.068.990;1.424.280.030;18/05/2013 0:00;578;118;Capri;19;Campania;9;Italy
572;Marina Piccola;;4.054.518.229;1.423.350.635;18/05/2013 0:00;579;118;Capri;19;Campania;9;Italy
573;Ponte Scalzi;;4.544.110.700;1.232.281.760;19/05/2013 0:00;580;25;Venice;20;Veneto;9;Italy
574;Ponte di Rialto;;4.543.803.970;1.233.591.110;19/05/2013 0:00;581;25;Venice;20;Veneto;9;Italy
575;Piazza San Marco;;4.543.399.540;1.233.781.880;19/05/2013 0:00;582;25;Venice;20;Veneto;9;Italy
576;Venice de noche;;4.544.084.740;1.231.551.510;19/05/2013 0:00;583;25;Venice;20;Veneto;9;Italy
577;Calle de l'Orto;;4.544.505.130;1.232.627.880;20/05/2013 0:00;584;25;Venice;20;Veneto;9;Italy
578;St. Stephen's Cathedral;;4.820.841.140;1.637.347.070;21/05/2013 0:00;585;27;Vienna;21;Vienna;10;Austria
579;St. Peter's Church;;4.820.943.090;1.637.008.410;21/05/2013 0:00;586;27;Vienna;21;Vienna;10;Austria
580;Schönbrunn Castle;;4.818.486.480;1.631.223.980;21/05/2013 0:00;587;27;Vienna;21;Vienna;10;Austria
581;Hofburg zu Wien;;4.820.774.700;1.636.586.300;22/05/2013 0:00;588;27;Vienna;21;Vienna;10;Austria
582;Parlament;;4.820.795.900;1.635.915.900;22/05/2013 0:00;589;27;Vienna;21;Vienna;10;Austria
583;La casa de Mozart;;4.820.815.900;1.637.487.060;22/05/2013 0:00;590;27;Vienna;21;Vienna;10;Austria
584;Donau;;4.822.624.625;1.641.450.265;22/05/2013 0:00;591;27;Vienna;21;Vienna;10;Austria
585;Casa Hundertwasser;;4.820.747.560;1.639.331.020;22/05/2013 0:00;592;27;Vienna;21;Vienna;10;Austria
586;Praský orloj;Pasamos por el reloj que esta en la plaza principal del barrio viejo. A cada hora salen unos muñecos (al mejor estilo del reloj del centro civico de bariloche). Ademas tiene un reloj astronomico.;5.008.699.660;1.442.077.340;23/05/2013 0:00;593;28;Prague;22;Hlavní m?sto Praha;11;Czech Republic
587;Karl?v most;;5.008.671.940;1.440.953.980;23/05/2013 0:00;594;28;Prague;22;Hlavní m?sto Praha;11;Czech Republic
588;Karlov College y Teatro Estatal;A la izquiera la univiersidad, una de las primeras de europa. A la derecha el teatro donde Mozart presento Don Giovani.;5.009.111.450;1.442.750.240;24/05/2013 0:00;595;28;Prague;22;Hlavní m?sto Praha;11;Czech Republic
589;Wenceslas Square;;5.008.163.020;1.442.686.960;24/05/2013 0:00;596;28;Prague;22;Hlavní m?sto Praha;11;Czech Republic
590;Municipal House;;5.008.777.290;1.442.799.060;24/05/2013 0:00;597;28;Prague;22;Hlavní m?sto Praha;11;Czech Republic
591;Puerta (Torre) de la Polvora;;5.008.777.290;1.442.799.060;24/05/2013 0:00;598;28;Prague;22;Hlavní m?sto Praha;11;Czech Republic
592;Escultura de Kafka;Se basa en una historia de Kafka que se basa en un sueño recurrente que tenia el sobre una persona sin manos ni cabeza que lo perseguia hasta que una noche soño que se subia y lo guiaba por la ciudad. En el piso se ven las patas de una araña en base a otra historia en la que se convertia en una araña gigante.;5.009.014.763;1.442.073.047;24/05/2013 0:00;599;28;Prague;22;Hlavní m?sto Praha;11;Czech Republic
593;Metronomo;Ahi habia un monumento a Stalin. Despues de que asumio Gorbachov y este mandara a destruir todos los simbolos Stanilistas en Rusia, en Praga destruyeron este y pusieron ese metronomo que marca el tiempo en que Republica Checa es libre.;5.009.467.502;1.441.595.650;24/05/2013 0:00;600;28;Prague;22;Hlavní m?sto Praha;11;Czech Republic
594;Old New Synagogue;En esta sinagoga nace la historia del golem y segun se dice dentro esta el golem muerto.;5.009.006.550;1.441.856.780;24/05/2013 0:00;601;28;Prague;22;Hlavní m?sto Praha;11;Czech Republic
595;John Lennon Wall;;5.008.617.390;1.440.680.980;24/05/2013 0:00;602;28;Prague;22;Hlavní m?sto Praha;11;Czech Republic
596;Dancing House;;5.007.555.560;1.441.416.670;24/05/2013 0:00;603;28;Prague;35;;11;Czech Republic
597;Prague Castle;;5.009.035.600;1.439.938.500;25/05/2013 0:00;604;28;Prague;22;Hlavní m?sto Praha;11;Czech Republic
598;Malá Strana;;5.008.782.660;1.440.465.700;25/05/2013 0:00;605;28;Prague;35;;11;Czech Republic
599;Karlsplatz;;4.813.893.000;1.156.632.000;27/05/2013 0:00;606;29;Munich;23;Bavaria;1;Germany
600;Munich Frauenkirche;;4.813.859.290;1.157.304.580;27/05/2013 0:00;607;29;Munich;23;Bavaria;1;Germany
601;Munich Glockenspiel;;4.813.750.130;1.157.547.230;27/05/2013 0:00;608;29;Munich;23;Bavaria;1;Germany
602;München Marienplatz;;4.813.704.800;1.157.538.600;27/05/2013 0:00;609;29;Munich;23;Bavaria;1;Germany
603;St. Michael's Church;;4.813.857.160;1.157.035.420;27/05/2013 0:00;610;29;Munich;23;Bavaria;1;Germany
604;St. Peter's Church;;4.813.649.670;1.157.567.150;27/05/2013 0:00;611;29;Munich;23;Bavaria;1;Germany
605;Viktualienmarkt;;4.813.520.450;1.157.659.700;27/05/2013 0:00;612;29;Munich;23;Bavaria;1;Germany
606;English Gardens;;4.815.159.340;1.159.241.080;27/05/2013 0:00;613;29;Munich;23;Bavaria;1;Germany
607;Estatua de Julieta;;4.813.658.561;1.157.698.274;27/05/2013 0:00;614;29;Munich;23;Bavaria;1;Germany
608;Estacion Bockenheimer Warte del subte;Una estacion de subte bastante loca, como si hubiese chocado un tren y salio a la superficie!;5.011.956.520;865.370.820;30/05/2013 0:00;615;3;Frankfurt;3;Hesse;1;Germany
